{
  "n_calibrated": 2085,
  "category_results": {
    "politics": {
      "n_30_40": 33,
      "edge_30_40": -0.07676607101312732,
      "n_60_70": 31,
      "edge_60_70": 0.09226053399063727
    },
    "sports": {
      "n_30_40": 6,
      "edge_30_40": -0.3351727827469047,
      "n_60_70": 5,
      "edge_60_70": 0.149943964039285
    },
    "crypto": {
      "n_30_40": 7,
      "edge_30_40": -0.21614152648375212,
      "n_60_70": 11,
      "edge_60_70": 0.07804060669528745
    },
    "other": {
      "n_30_40": 45,
      "edge_30_40": -0.11859681099078528,
      "n_60_70": 33,
      "edge_60_70": 0.05532578947435496
    }
  }
}