{
  "initial_capital": 10000,
  "final_capital": 9212425.167593189,
  "total_return_pct": 92024.25167593188,
  "n_bets": 1013,
  "win_rate_pct": 76.40671273445211
}