{
  "initial_capital": 10000,
  "final_capital": 10038.461538461539,
  "total_return_pct": 0.38461538461538325,
  "n_bets": 1,
  "win_rate_pct": 100.0,
  "avg_pnl_per_bet": 38.46153846153857
}